{"POPC": 0.2880421596949614, "POPE": 0.2648559960253196}